Teeny Behemoth Session IPA Extract ,26.99
Teeny Behemoth Session IPA All Grain ,21.99
Danube Driftin’ Vienna Lager Extract ,31.99
Danube Driftin’ Vienna Lager All Grain ,26.99
Fresh Squished IPA ,34.99
Sierra Madre Pale Ale ,29.99
American Amber Ale ,29.99
Dragons Silk Imperial Stout ,55.99
Arrogant Bastard Clone - Elegant Bastard Ale ,36.99
Chocolate Milk Stout ,34.99
Kama Citra Session IPA ,29.99
Nut Brown Ale ,20.99
Ruby Grapefruit Hard Seltzer Recipe Kit - White Claw Clone Recipe,19.99
Navel Orange All-Natural Hard Seltzer Recipe Kit,19.99
Irish Red Ale ,23.99
Dry Irish Stout ,21.99
Zombie Dirt Pale Ale ,51.99
Scottish Wee Heavy ,39.99
Chinook IPA ,29.99
Dead Ringer IPA ,36.99
Caribou Slobber Brown Ale ,29.99
Ace of Spades Black IPA ,34.99
Mosaic IPA ,41.99
Storm the Bastille Imperial Farmhouse Ale ,54.99
